walkable_station,n,fraction
FALSE,2,0.2857142857142857
TRUE,5,0.7142857142857143
