recycling_frequency,n,fraction
always,2,0.2857142857142857
mostly,3,0.42857142857142855
sometimes,2,0.2857142857142857
